
INSERT INTO "Person" ("Person_ID", "Name", "Email", "Password", "Birth_Date", "District", "Country", "Is_Author") VALUES
(1, 'Andrew Ng', 'andrew.ng@example.com', 'password123', '1976-04-18', 'Santa Clara', 'USA', TRUE),
(2, 'Tim Buchalka', 'tim.buchalka@example.com', 'password123', '1969-01-01', 'Brisbane', 'Australia', TRUE),
(3, 'Angela Yu', 'angela.yu@example.com', 'password123', '1988-06-12', 'London', 'UK', TRUE),
(4, 'Colt Steele', 'colt.steele@example.com', 'password123', '1987-11-20', 'San Francisco', 'USA', TRUE),
(5, 'Brad Traversy', 'brad.traversy@example.com', 'password123', '1980-07-15', 'Boston', 'USA', TRUE),
(6, 'Corey Schafer', 'corey.schafer@example.com', 'password123', '1982-02-28', 'Chicago', 'USA', TRUE),
(7, 'Mosh Hamedani', 'mosh.hamedani@example.com', 'password123', '1981-05-10', 'Melbourne', 'Australia', TRUE),
(8, 'freeCodeCamp.org', 'contact@freecodecamp.org', 'password123', '2014-10-15', 'San Francisco', 'USA', TRUE),
(9, 'Google AI', 'ai-education@google.com', 'password123', '2017-01-01', 'Mountain View', 'USA', TRUE),
(10, 'Khan Academy', 'info@khanacademy.org', 'password123', '2008-01-01', 'Mountain View', 'USA', TRUE),
(11, 'CS50', 'cs50@harvard.edu', 'password123', '1989-01-01', 'Cambridge', 'USA', TRUE),
(12, 'The Net Ninja', 'netninja@example.com', 'password123', '1985-01-01', 'Southampton', 'UK', TRUE),
(13, 'Academind', 'info@academind.com', 'password123', '2015-01-01', 'Berlin', 'Germany', TRUE),
(14, 'Programming with Mosh', 'mosh@codewithmosh.com', 'password123', '1981-05-10', 'Melbourne', 'Australia', TRUE),
(15, 'Sentdex', 'sentdex@example.com', 'password123', '1988-01-01', 'Texas', 'USA', TRUE),
(16, 'The Coding Train', 'codingtrain@example.com', 'password123', '1975-01-01', 'New York', 'USA', TRUE),
(17, 'Fireship', 'fireship@example.com', 'password123', '1990-01-01', 'Los Angeles', 'USA', TRUE),
(18, 'Google Developers', 'developers@google.com', 'password123', '2005-01-01', 'Mountain View', 'USA', TRUE),
(19, 'Microsoft Developer', 'msdev@microsoft.com', 'password123', '1975-04-04', 'Redmond', 'USA', TRUE),
(20, 'Amazon Web Services', 'aws@amazon.com', 'password123', '2006-01-01', 'Seattle', 'USA', TRUE),
(21, 'MIT OpenCourseWare', 'ocw@mit.edu', 'password123', '2001-01-01', 'Cambridge', 'USA', TRUE),
(22, 'Stanford Online', 'stanfordonline@stanford.edu', 'password123', '1995-01-01', 'Stanford', 'USA', TRUE),
(23, 'Codecademy', 'contact@codecademy.com', 'password123', '2011-01-01', 'New York', 'USA', TRUE),
(24, 'Udacity', 'support@udacity.com', 'password123', '2011-01-01', 'Mountain View', 'USA', TRUE),
(25, 'edX', 'info@edx.org', 'password123', '2012-01-01', 'Cambridge', 'USA', TRUE),
(26, 'Scrimba', 'hello@scrimba.com', 'password123', '2017-01-01', 'Oslo', 'Norway', TRUE),
(27, 'Wes Bos', 'wes@wesbos.com', 'password123', '1986-01-01', 'Hamilton', 'Canada', TRUE),
(28, 'Kevin Powell', 'kevin@kevinpowell.co', 'password123', '1984-01-01', 'Montreal', 'Canada', TRUE),
(29, 'Gael Breton', 'gael@authorityhacker.com', 'password123', '1983-01-01', 'Budapest', 'Hungary', TRUE),
(30, 'Ahrefs', 'support@ahrefs.com', 'password123', '2011-01-01', 'Singapore', 'Singapore', TRUE),
(31, 'Neil Patel', 'neil@neilpatel.com', 'password123', '1985-04-24', 'Las Vegas', 'USA', TRUE),
(32, 'HubSpot Academy', 'academy@hubspot.com', 'password123', '2012-01-01', 'Cambridge', 'USA', TRUE),
(33, 'Simplilearn', 'support@simplilearn.com', 'password123', '2010-01-01', 'San Francisco', 'USA', TRUE),
(34, 'Intellipaat', 'sales@intellipaat.com', 'password123', '2011-01-01', 'Bangalore', 'India', TRUE),
(35, 'Great Learning', 'info@greatlearning.in', 'password123', '2013-01-01', 'Gurgaon', 'India', TRUE),
(36, 'Coursera', 'support@coursera.org', 'password123', '2012-01-01', 'Mountain View', 'USA', TRUE),
(37, 'LinkedIn Learning', 'support@linkedin.com', 'password123', '1995-01-01', 'Sunnyvale', 'USA', TRUE),
(38, 'Pluralsight', 'support@pluralsight.com', 'password123', '2004-01-01', 'Farmington', 'USA', TRUE),
(39, 'DataCamp', 'support@datacamp.com', 'password123', '2013-01-01', 'New York', 'USA', TRUE),
(40, 'Treehouse', 'help@teamtreehouse.com', 'password123', '2011-01-01', 'Orlando', 'USA', TRUE),
(41, 'Code.org', 'contact@code.org', 'password123', '2013-01-01', 'Seattle', 'USA', TRUE),
(42, 'The Odin Project', 'hello@theodinproject.com', 'password123', '2013-01-01', 'Online', 'USA', TRUE),
(43, 'GA Dash', 'dash@generalassemb.ly', 'password123', '2011-01-01', 'New York', 'USA', TRUE),
(44, 'HTMLDog', 'info@htmldog.com', 'password123', '2003-01-01', 'Online', 'UK', TRUE),
(45, 'MDN Web Docs', 'mdn-feedback@mozilla.org', 'password123', '2005-01-01', 'Mountain View', 'USA', TRUE),
(46, 'W3Schools', 'help@w3schools.com', 'password123', '1998-01-01', 'Sandnes', 'Norway', TRUE),
(47, 'SoloLearn', 'info@sololearn.com', 'password123', '2014-01-01', 'Pleasanton', 'USA', TRUE),
(48, 'BitDegree', 'hello@bitdegree.org', 'password123', '2017-01-01', 'Kaunas', 'Lithuania', TRUE),
(49, 'Alison', 'support@alison.com', 'password123', '2007-01-01', 'Galway', 'Ireland', TRUE),
(50, 'FutureLearn', 'support@futurelearn.com', 'password123', '2012-01-01', 'London', 'UK', TRUE),
(51, 'OpenClassrooms', 'hello@openclassrooms.com', 'password123', '2013-01-01', 'Paris', 'France', TRUE);


-- Insert Teachers
INSERT INTO "Teacher" ("Teacher_ID", "Working", "Teaching_Start_Date") VALUES
(1, 'Stanford University', '2002-01-01'),
(2, 'Udemy', '2015-01-01'),
(3, 'App Brewery', '2016-01-01'),
(4, 'Udemy', '2014-01-01'),
(5, 'Traversy Media', '2010-01-01'),
(6, 'YouTube', '2013-01-01'),
(7, 'Code with Mosh', '2014-01-01'),
(8, 'freeCodeCamp', '2014-10-15'),
(9, 'Google', '2017-01-01'),
(10, 'Khan Academy', '2008-01-01'),
(11, 'Harvard University', '1989-01-01'),
(12, 'YouTube', '2015-01-01'),
(13, 'Academind', '2015-01-01'),
(14, 'Code with Mosh', '2014-01-01'),
(15, 'YouTube', '2012-01-01'),
(16, 'New York University', '2010-01-01'),
(17, 'Fireship.io', '2017-01-01'),
(18, 'Google', '2005-01-01'),
(19, 'Microsoft', '1975-04-04'),
(20, 'Amazon', '2006-01-01'),
(21, 'MIT', '2001-01-01'),
(22, 'Stanford University', '1995-01-01'),
(23, 'Codecademy', '2011-01-01'),
(24, 'Udacity', '2011-01-01'),
(25, 'edX', '2012-01-01'),
(26, 'Scrimba', '2017-01-01'),
(27, 'WesBos.com', '2012-01-01'),
(28, 'KevinPowell.co', '2016-01-01'),
(29, 'Authority Hacker', '2015-01-01'),
(30, 'Ahrefs', '2011-01-01'),
(31, 'NP Digital', '2008-01-01'),
(32, 'HubSpot', '2012-01-01'),
(33, 'Simplilearn', '2010-01-01'),
(34, 'Intellipaat', '2011-01-01'),
(35, 'Great Learning', '2013-01-01'),
(36, 'Coursera', '2012-01-01'),
(37, 'LinkedIn', '1995-01-01'),
(38, 'Pluralsight', '2004-01-01'),
(39, 'DataCamp', '2013-01-01'),
(40, 'Treehouse', '2011-01-01'),
(41, 'Code.org', '2013-01-01'),
(42, 'The Odin Project', '2013-01-01'),
(43, 'General Assembly', '2011-01-01'),
(44, 'HTMLDog', '2003-01-01'),
(45, 'Mozilla', '2005-01-01'),
(46, 'W3Schools', '1998-01-01'),
(47, 'SoloLearn', '2014-01-01'),
(48, 'BitDegree', '2017-01-01'),
(49, 'Alison', '2007-01-01'),
(50, 'FutureLearn', '2012-01-01'),
(51, 'OpenClassrooms', '2013-01-01');

-- Insert Courses
INSERT INTO "Course" ("Course_ID", "Author_ID", "Title", "Creation_Date", "Description", "Price", "Head_Teacher_ID") VALUES
(1, 1, 'Machine Learning', '2011-10-01', 'This course provides a broad introduction to machine learning, datamining, and statistical pattern recognition.', 0, 1),
(2, 8, 'JavaScript Algorithms and Data Structures', '2016-01-01', 'Learn fundamental concepts of computer science like data structures and algorithms.', 0, 8),
(3, 11, 'CS50''s Introduction to Computer Science', '2015-01-01', 'An introduction to the intellectual enterprises of computer science and the art of programming.', 0, 11),
(4, 5, 'HTML Crash Course For Absolute Beginners', '2017-07-16', 'In this crash course I will cram as much about HTML that I can. This is an excellent place to start for beginners.', 0, 5),
(5, 6, 'Python for Beginners', '2015-09-24', 'This series is an introduction to the Python programming language for people with no programming experience.', 0, 6),
(6, 12, 'Modern JavaScript Tutorial', '2018-01-23', 'A full, modern JavaScript tutorial for beginners to advanced developers.', 0, 12),
(7, 17, 'React JS Crash Course', '2018-09-10', 'A quick crash course on React.js to get you up and running.', 0, 17),
(8, 9, 'Google''s Python Class', '2010-01-01', 'A free class for people with a little bit of programming experience who want to learn Python.', 0, 9),
(9, 21, 'Introduction to Algorithms', '2011-09-15', 'This course provides an introduction to mathematical modeling of computational problems.', 0, 21),
(10, 42, 'The Odin Project - Full Stack Ruby on Rails', '2013-01-01', 'A free open source coding curriculum that can be taken online.', 0, 42),
(11, 42, 'The Odin Project - Full Stack JavaScript', '2013-01-01', 'A free open source coding curriculum that can be taken online.', 0, 42),
(12, 45, 'MDN Web Docs - Learn Web Development', '2005-01-01', 'A comprehensive resource for learning web development technologies.', 0, 45),
(13, 18, 'Google Analytics for Beginners', '2018-01-01', 'Learn the basic features of Google Analytics including how to create an account, implement tracking code, analyze basic reports, and set up goals and campaign tracking.', 0, 18),
(14, 32, 'Inbound Marketing', '2012-01-01', 'Learn about the fundamentals of inbound marketing, including content creation, social promotion, converting and nurturing leads, and more.', 0, 32),
(15, 30, 'Blogging for Business', '2018-01-01', 'This course teaches you how to build a successful blog that drives traffic and leads.', 0, 30),
(16, 4, 'The Web Developer Bootcamp', '2015-11-02', 'The only course you need to learn web development - HTML, CSS, JS, Node, and More!', 0, 4),
(17, 3, 'The Complete 2023 Web Development Bootcamp', '2019-01-01', 'Become a Full-Stack Web Developer with just ONE course. HTML, CSS, Javascript, Node, React, MongoDB, Web3 and DApps', 0, 3),
(18, 2, 'Java Programming Masterclass for Software Developers', '2016-01-01', 'Learn Java In This Course And Become a Computer Programmer. Obtain valuable Core Java Skills And Java Certification', 0, 2),
(19, 7, 'Python for Beginners', '2018-01-01', 'A beginner-friendly introduction to Python.', 0, 7),
(20, 13, 'React - The Complete Guide (incl Hooks, React Router, Redux)', '2017-01-01', 'Dive in and learn React.js from scratch! Learn Reactjs, Hooks, Redux, React Routing, Animations, Next.js and way more!', 0, 13),
(21, 27, 'JavaScript30', '2016-01-01', 'A 30-day vanilla JS coding challenge.', 0, 27),
(22, 28, 'CSS Demystified', '2019-01-01', 'A course that breaks down the fundamentals of CSS.', 0, 28),
(23, 16, 'The Nature of Code', '2012-01-01', 'This course focuses on the programming strategies and techniques behind computer simulations of natural systems.', 0, 16),
(24, 15, 'Practical Machine Learning with Python', '2017-01-01', 'A practical approach to machine learning with Python and scikit-learn.', 0, 15),
(25, 20, 'AWS Certified Cloud Practitioner', '2018-01-01', 'A fundamental-level course on AWS Cloud concepts.', 0, 20),
(26, 19, 'Introduction to C#', '2019-01-01', 'A beginner course on C# for absolute beginners.', 0, 19),
(27, 26, 'The Responsive Web Design Bootcamp', '2019-01-01', 'Learn HTML and CSS by building a stunning responsive website.', 0, 26),
(28, 43, 'Dash', '2012-01-01', 'Learn to code awesome websites in HTML, CSS, and JavaScript.', 0, 43),
(29, 23, 'Learn JavaScript', '2011-01-01', 'A comprehensive course on JavaScript fundamentals.', 0, 23),
(30, 24, 'Intro to Computer Science', '2012-01-01', 'Learn the basics of computer science.', 0, 24),
(31, 25, 'Introduction to Linux', '2014-01-01', 'A free course from The Linux Foundation.', 0, 25),
(32, 33, 'Introduction to Cyber Security', '2018-01-01', 'A course that covers the fundamentals of cybersecurity.', 0, 33),
(33, 34, 'Data Science with R', '2016-01-01', 'An introductory course to data science using the R programming language.', 0, 34),
(34, 35, 'Python for Data Science', '2017-01-01', 'Learn the basics of Python for data science.', 0, 35),
(35, 36, 'The Science of Well-Being', '2018-01-01', 'A course on the science of happiness and productivity.', 0, 36),
(36, 37, 'Learning Python', '2018-01-01', 'A beginner-friendly introduction to Python 3.', 0, 37),
(37, 38, 'JavaScript: The Big Picture', '2017-01-01', 'An overview of the JavaScript ecosystem.', 0, 38),
(38, 39, 'Introduction to Python', '2014-01-01', 'Master the basics of data analysis with Python.', 0, 39),
(39, 40, 'Learn to Code with Python 3', '2018-01-01', 'A beginner-friendly course on Python 3.', 0, 40),
(40, 41, 'Hour of Code', '2013-01-01', 'A one-hour introduction to computer science, designed to demystify "code".', 0, 41),
(41, 44, 'HTML Beginner Tutorial', '2003-01-01', 'A beginner-friendly guide to HTML.', 0, 44),
(42, 46, 'Learn HTML', '1998-01-01', 'A comprehensive tutorial on HTML.', 0, 46),
(43, 47, 'Python Core', '2014-01-01', 'Learn the basics of Python.', 0, 47),
(44, 48, 'Introduction to Programming', '2017-01-01', 'A beginner-friendly introduction to programming concepts.', 0, 48),
(45, 49, 'Diploma in Web Design', '2010-01-01', 'A comprehensive course on web design principles.', 0, 49),
(46, 50, 'Basic English 1: Elementary', '2014-01-01', 'An elementary course on the English language.', 0, 50),
(47, 51, 'Build Your First Web Pages With HTML and CSS', '2013-01-01', 'A beginner-friendly course on HTML and CSS.', 0, 51),
(48, 8, 'Data Analysis with Python', '2020-01-01', 'Learn the fundamentals of data analysis with Python, Pandas, NumPy, and Matplotlib.', 0, 8),
(49, 8, 'Scientific Computing with Python', '2020-01-01', 'A course that covers the basics of scientific computing with Python.', 0, 8),
(50, 8, 'Responsive Web Design', '2015-01-01', 'Learn the basics of responsive web design with HTML and CSS.', 0, 8),
(51, 8, 'Front End Development Libraries', '2017-01-01', 'A course covering popular front-end libraries like React, Redux, and Bootstrap.', 0, 8);


-- Insert Sub_Topics
-- Sub-topics for Course 1: Machine Learning
INSERT INTO "Sub_Topic" ("Sub_Topic_ID", "Course_ID", "Teacher_ID", "Title", "Is_one_video") VALUES
(1, 1, 1, 'Introduction', FALSE),
(2, 1, 1, 'Linear Regression with One Variable', FALSE),
(3, 1, 1, 'Linear Algebra Review', FALSE),
(4, 1, 1, 'Linear Regression with Multiple Variables', FALSE),
(5, 1, 1, 'Logistic Regression', FALSE);

-- Sub-topics for Course 2: JavaScript Algorithms and Data Structures
INSERT INTO "Sub_Topic" ("Sub_Topic_ID", "Course_ID", "Teacher_ID", "Title", "Is_one_video") VALUES
(6, 2, 8, 'Basic JavaScript', FALSE),
(7, 2, 8, 'ES6', FALSE),
(8, 2, 8, 'Regular Expressions', FALSE),
(9, 2, 8, 'Basic Data Structures', FALSE),
(10, 2, 8, 'Basic Algorithm Scripting', FALSE);

-- Sub-topics for Course 3: CS50's Introduction to Computer Science
INSERT INTO "Sub_Topic" ("Sub_Topic_ID", "Course_ID", "Teacher_ID", "Title", "Is_one_video") VALUES
(11, 3, 11, 'C', FALSE),
(12, 3, 11, 'Arrays', FALSE),
(13, 3, 11, 'Algorithms', FALSE),
(14, 3, 11, 'Memory', FALSE),
(15, 3, 11, 'Data Structures', FALSE);

-- Sub-topics for Course 4: HTML Crash Course
INSERT INTO "Sub_Topic" ("Sub_Topic_ID", "Course_ID", "Teacher_ID", "Title", "Is_one_video") VALUES
(16, 4, 5, 'Intro & Setup', TRUE),
(17, 4, 5, 'Tags, Attributes & Elements', TRUE),
(18, 4, 5, 'Headings, Paragraphs & Typography', TRUE),
(19, 4, 5, 'Lists & Tables', TRUE),
(20, 4, 5, 'Forms & Input', TRUE);

-- Sub-topics for Course 5: Python for Beginners
INSERT INTO "Sub_Topic" ("Sub_Topic_ID", "Course_ID", "Teacher_ID", "Title", "Is_one_video") VALUES
(21, 5, 6, 'Installation & Setup', FALSE),
(22, 5, 6, 'Strings - Working with Textual Data', FALSE),
(23, 5, 6, 'Integers and Floats - Working with Numeric Data', FALSE),
(24, 5, 6, 'Lists, Tuples, and Sets', FALSE),
(25, 5, 6, 'Dictionaries - Key-Value Pairs', FALSE);


-- Insert Videos
-- Videos for Sub-Topic 1: Introduction (Course 1)
INSERT INTO "Video" ("Video_ID", "Sub_Topic_ID", "Course_ID", "Title", "Description", "Duration", "Link") VALUES
(1, 1, 1, 'Welcome to Machine Learning', 'An introduction to the course.', '00:03:38', 'https://www.youtube.com/watch?v=i_LwzRVP7bg'),
(2, 1, 1, 'What is Machine Learning?', 'A definition of what machine learning is.', '00:07:07', 'https://www.youtube.com/watch?v=i_LwzRVP7bg');

-- Videos for Sub-Topic 2: Linear Regression with One Variable (Course 1)
INSERT INTO "Video" ("Video_ID", "Sub_Topic_ID", "Course_ID", "Title", "Description", "Duration", "Link") VALUES
(3, 2, 1, 'Model Representation', 'Describing the model for linear regression.', '00:08:14', 'https://www.youtube.com/watch?v=kHwlB_j76-s'),
(4, 2, 1, 'Cost Function', 'Defining the cost function.', '00:08:52', 'https://www.youtube.com/watch?v=kHwlB_j76-s');

-- Videos for Sub-Topic 6: Basic JavaScript (Course 2)
INSERT INTO "Video" ("Video_ID", "Sub_Topic_ID", "Course_ID", "Title", "Description", "Duration", "Link") VALUES
(5, 6, 2, 'Introduction to JavaScript', 'A basic introduction to JavaScript.', '00:10:00', 'https://www.youtube.com/watch?v=PkZNo7MFNFg'),
(6, 6, 2, 'Variables in JavaScript', 'Learn about variables in JavaScript.', '00:15:00', 'https://www.youtube.com/watch?v=PkZNo7MFNFg');

-- Videos for Sub-Topic 11: C (Course 3)
INSERT INTO "Video" ("Video_ID", "Sub_Topic_ID", "Course_ID", "Title", "Description", "Duration", "Link") VALUES
(7, 11, 3, 'Lecture 1 - C', 'The first lecture on the C programming language.', '01:53:20', 'https://www.youtube.com/watch?v=5y_j_2_b19o'),
(8, 11, 3, 'Short: Data Types in C', 'A short video on data types.', '00:05:30', 'https://www.youtube.com/watch?v=5y_j_2_b19o');

-- Videos for Sub-Topic 16: Intro & Setup (Course 4)
INSERT INTO "Video" ("Video_ID", "Sub_Topic_ID", "Course_ID", "Title", "Description", "Duration", "Link") VALUES
(9, 16, 4, 'HTML Crash Course', 'The full HTML crash course video.', '01:00:00', 'https://www.youtube.com/watch?v=UB1O30fR-EE');

-- Videos for Sub-Topic 21: Installation & Setup (Course 5)
INSERT INTO "Video" ("Video_ID", "Sub_Topic_ID", "Course_ID", "Title", "Description", "Duration", "Link") VALUES
(10, 21, 5, 'Python Tutorial for Beginners 1: Install and Setup for Mac and Windows', 'Installation guide for Python.', '00:16:38', 'https://www.youtube.com/watch?v=yyUod_hQ_Wo');

